decile,count,mean_long_after_cost,sharpe_long_after_cost
0,367,-0.004002178627770651,-0.07289782225222485
1,367,0.008571360471777765,0.22748503241379936
2,366,0.016028461279878115,0.4284513701664246
3,1478,0.001992272246197479,0.07590762820329308
4,384,0.0005379774628314693,0.024041783168625364
5,349,2.3834298269332002e-06,0.00011237463261816333
6,355,-0.002287807625654995,-0.10716398781518266
