fold,auc,pr_auc,brier,count
0,0.6587301587301587,0.6074075757312882,0.23506957408318868,72
1,0.5629343629343629,0.5764402026839666,0.24862821811975733,72
2,0.6974789915966386,0.5844627477358901,0.3406659924363871,72
