fold,auc,pr_auc,brier,count
0,0.569846327242777,0.5949262295720084,0.4892574462771408,1222
1,0.5,0.46890343698854337,0.2500007806896934,1222
2,0.5581035042180402,0.49316160307097956,0.25111853361624087,1222
