fold,auc,pr_auc,brier,count
0,0.6583333333333332,0.7068716968689279,0.24993217327745923,254
1,0.5599826227269906,0.5298719195287332,0.24870594495452397,254
2,0.5163260219341974,0.5103879191439519,0.2490841744893246,254
3,0.4929104477611941,0.526147198329242,0.27444135042116263,254
4,0.6438667496886675,0.5515527358010733,0.2637133072217924,256
