{
  "n_samples": 3666,
  "pos": 1801,
  "neg": 1865,
  "auc": 0.4673556574283595,
  "brier": 0.3671233703607308,
  "roc_plot": "reports\\roc_60min.png",
  "calibration_plot": "reports\\reliability_60min.png"
}