{
  "n_samples": 26326,
  "pos": 13382,
  "neg": 12944,
  "auc": 0.506057478481337,
  "brier": 0.25526123981294757,
  "roc_plot": "reports\\roc_1min.png",
  "calibration_plot": "reports\\reliability_1min.png"
}