{
  "n_samples": 33806,
  "pos": 17089,
  "neg": 16717,
  "auc": 0.5212250360772861,
  "brier": 0.2583206756786421,
  "roc_plot": "reports\\roc_1min.png",
  "calibration_plot": "reports\\reliability_1min.png"
}