{
  "n_samples": 8371,
  "pos": 4087,
  "neg": 4284,
  "auc": 0.5058478676548501,
  "brier": 0.2757477068567699,
  "roc_plot": "reports\\roc_30min.png",
  "calibration_plot": "reports\\reliability_30min.png"
}